name,price,location
BUTO NUOMA 40M2 / PUSANTRINIS,450 €,"Kauno raj., JONUČIAI II"
Parduodamas butas Kaune 43 kv.m (2k),72 000 €,"Kaunas, Petrašiūnai, T. ..."
Parduodamas dviejų kambarių butas,16 000 €,"Akmenė, KLYKOLIŲ G. 3-1"
Ieškau išsinuomoti buto Kaune,200 €,Kaunas
Ragainės g.parduodamas 2k.butas,115 000 €,"Klaipėda, Ragainės g."
Renovuotame name parduodamas 1k.butas,56 000 €,"Klaipėda, Baltijos pr.21"
Renovuotame name puikus 2k.butas,120 000 €,"Klaipėda, Nidos g."
Parduodamas butas per du aukštus,152 000 €,"Klaipėda, Tauralaukio g."
Geroje lokacijoje parduodamas 4k.butas,105 000 €,"Klaipėda, Debreceno g."
Išskirtinis butas su atvira 107kv.m.terasa,320 000 €,"Klaipėda, Minijos g."
Žolynų g.parduodamas 3k.butas,143 000 €,"Klaipėda, Žolynų g."
Išnuomoju kambarį su baldais Kauno c-160Eu,160 €,"Kaunas, Centras. Gedimino g"
1 kambario butas,300 €,"Klaipėda, Taikos pr 137"
Parduodamas dviejų kambarių butas Akmenėje Klykolių g. 3-1,16 000 €,"Akmenė, Klykolių 3-1"
Ieskau,N/A,Tauragė
Isnuomoju merginai kambary,N/A,N/A
Ieskau skubiai,N/A,Tauragė
Ieskau buto nuomai skubiai,200 €,"Tauragė, Taurage"
2 kambarių butas Klaipėdos raj,14 500 €,"Klaipėdos raj., Girininkai"
2k butas Marijampolės m.,24 550 €,Marijampolė
4 KAMB. BUTAS PALANGA,195 000 €,"Palanga, Šventoji"
3 kambarių butas Tauragėje,68 800 €,Tauragė
Parduodamas 3 kambarių 67 kv.m. Butas Mokyklos g. Šventojoje,120 000 €,"Palanga, Mokyklos g. Šventoji"
Isnomoimas butas,10 €,"Klaipėda, Baltiojos pr"
Parduodamas du butai Pėžaičių sen.,3 000 €,"Klaipėdos raj., Dvylių k"
Buto nuoma,300 €,"Mažeikiai, Sedos g.33"
"Sodo namelis Sb ,,Volungėlė""",19 000 €,"Alytaus raj., Nemunaičio km ..."
Butas,35 000 €,Šiauliai
Butas,20 000 €,"Ukmergės raj., Algirdu aleja 5"
"Nedidelis sandėliukas jūsų daiktams, kurie netelpa į nuomojamą butą",17 €,"Kaunas, Jonavos g. 262"
Butai Šventojoje,69 111 €,"Palanga, Mokyklos g. Šventoji"
Išnuomojamas 120 kv.m. Butas - Namo dalis. 4 k.,600 €,"Klaipėda, Liepojos g."
Išnuomoju kambarį Kauno centre 150Eu/mėn. Deklaruoju,150 €,"Kaunas, Gedimino"
Parduodamas 2-kamb butas Akmene,30 000 €,"Akmenė, S.Daukanto"
Parduodami butai Šventojoje !!!,70 000 €,"Palanga, Mokyklos g. Šventoji"
Parduodamas 1 kambarių 30 kv.m. Butas Mokyklos g.,69 000 €,"Palanga, Mokyklos g. Šventoji"
Parduodamas ramioje vietoje gerai įrengtas 2-jų kambarių butas,137 000 €,"Palanga, Medvalakio g. 12A"
Išnuomoju kambarį Kauno c -160Eu/mėn. Galiu deklaruoti gyvenamą vietą,160 €,"Kaunas, Gedimino"
"Paprašykite ir gaukite norimą paskolą nuo 5 000 iki 10 500 000 eurų, kuri galėtų padėti patenkinti jūsų finansinius poreikius. Susidomėję nedvejodami",N/A,Druskininkai
Trumpalaikė Nuoma(1-2val.(22-25eu),25 €,"Kaunas, Šiaurės pr."
Parduodu 3 kambarių būtą.,68 000 €,"Panevėžys, Tulpiu g."
Darbuotojų Apgyvendinimo Paslaugos Panevėžyje,8 €,Panevėžys
Butas,60 000 €,"Plungė, Jucio 30"
Fghf,213 €,Kaunas
Perku vieno kambario butą,N/A,N/A
2 KAMBARIŲ BUTAS NAUJOSIOS AKMENĖS SENAMIESTYJE ŽALGIRIO GATVĖJE,19 500 €,"Akmenė, Naujoji Akmenė"
Visų rūšių paskolos,15 000 €,Vilnius
Šventojoje parduodamas 1 kambario 34 kv.m. Butas Mokyklos g.,70 000 €,"Palanga, Mokyklos g. Šventoji"
Išnuomojamas 2 kambarių butas Kaune,400 €,"Kaunas, Šiaurės pr."
Butas Alytuje 2 aukšte,75 000 €,Alytus
"Sveiki, skubiai  ieškomas vieno kambario butas ilgalaikiai nuomai‼️Telšiuose  mano numeris  860255982",120 €,Telšiai
Išnuomojamas 2 kambarių butas Kaune,400 €,"Kaunas, Šiaurės pr."
Parduodamas 64 kv.m. 2 kambarių Butas miesto centre Taikos pr.,159 000 €,"Klaipėda, Taikos pr. 4A"
Išnuomojamas 2 kambarių butas Kaune,400 €,"Kaunas, Eiguliai  Šiaurės pr ..."
Parduodamas 26 kv.m. Butas Šventojoje Mokyklos g.,70 000 €,"Palanga, Šventoji Mokyklos g."
Šventojoje parduodamas 2 kambarių 55 kv.m. Butas su TERASA Mokyklos g. 1 aukštas,125 000 €,"Palanga, Šventoji Mokyklos g."
Nuoma,50 €,"Vilnius, Vilnius seskines raj"
1K. BUTAS KLAIPĖDOJE,350 €,"Klaipėda, Kretingos, Klaipėda"
Visagino m. centre prie fontano,55 000 €,"Visaginas, Sedulinos al."
"Radviliškio r. Baisogalos k., Maironio g.",22 900 €,"Radviliškio raj., Radviliškio r ..."
Parduodu 2 k butą Utenoje,1 €,"Utena, Aukštakalnis"
Parduodamas 3k butas,24 000 €,"Akmenės raj., Papiles miestelis"
Nuoma,200 €,Ukmergė
WWW.NAMAITENERIFEJE.LT,535 000 €,Vilnius
Parduodu butas,14 000 €,"Akmenės raj., Žalgirio gatve, 25"
Butas,3 600 €,"Vilkaviškis, Kybartai janonio g"
PIGIAI IŠLAIKOMAS ATSKIRU ĮĖJIMU BUTAS,19 500 €,Klaipėda
Liaudies g. 7 Kėdainiai,45 500 €,"Kėdainiai, liaudies g. 7"
